{
  "id": "4858589",
  "name": "myicon",
  "font_family": "iconfont",
  "css_prefix_text": "icon-",
  "description": "",
  "glyphs": [
    {
      "icon_id": "745595",
      "name": "7天无理由退货",
      "font_class": "iconecitemfuzhi",
      "unicode": "e630",
      "unicode_decimal": 58928
    },
    {
      "icon_id": "778500",
      "name": "右箭头",
      "font_class": "youjiantou",
      "unicode": "e619",
      "unicode_decimal": 58905
    },
    {
      "icon_id": "1312007",
      "name": "信息",
      "font_class": "xinxi",
      "unicode": "e648",
      "unicode_decimal": 58952
    },
    {
      "icon_id": "1546572",
      "name": "回顶部",
      "font_class": "huidingbu",
      "unicode": "e691",
      "unicode_decimal": 59025
    },
    {
      "icon_id": "8288834",
      "name": "定位",
      "font_class": "dingwei",
      "unicode": "e847",
      "unicode_decimal": 59463
    },
    {
      "icon_id": "9271938",
      "name": "15天",
      "font_class": "tianwuliyoutuihuo",
      "unicode": "e611",
      "unicode_decimal": 58897
    },
    {
      "icon_id": "14721081",
      "name": "礼盒",
      "font_class": "lihe",
      "unicode": "e66a",
      "unicode_decimal": 58986
    },
    {
      "icon_id": "20553447",
      "name": "礼盒2-线",
      "font_class": "lihe2-xian",
      "unicode": "e72a",
      "unicode_decimal": 59178
    },
    {
      "icon_id": "27912772",
      "name": "礼物礼盒",
      "font_class": "liwulihe",
      "unicode": "e651",
      "unicode_decimal": 58961
    },
    {
      "icon_id": "745284",
      "name": "个人中心",
      "font_class": "icon03",
      "unicode": "e602",
      "unicode_decimal": 58882
    },
    {
      "icon_id": "1301354",
      "name": "扳手",
      "font_class": "banshou",
      "unicode": "e659",
      "unicode_decimal": 58969
    },
    {
      "icon_id": "3266859",
      "name": "话费充值",
      "font_class": "huafeichongzhi",
      "unicode": "e642",
      "unicode_decimal": 58946
    },
    {
      "icon_id": "6003698",
      "name": "手机",
      "font_class": "shouji",
      "unicode": "e621",
      "unicode_decimal": 58913
    },
    {
      "icon_id": "8039243",
      "name": "查询",
      "font_class": "chaxun",
      "unicode": "e660",
      "unicode_decimal": 58976
    },
    {
      "icon_id": "11350136",
      "name": "客服",
      "font_class": "kefu",
      "unicode": "e64f",
      "unicode_decimal": 58959
    },
    {
      "icon_id": "12686626",
      "name": "时钟",
      "font_class": "icon_shizhong-",
      "unicode": "e643",
      "unicode_decimal": 58947
    },
    {
      "icon_id": "23532881",
      "name": "企业",
      "font_class": "qiye",
      "unicode": "e868",
      "unicode_decimal": 59496
    },
    {
      "icon_id": "25418933",
      "name": "icon-小米归属",
      "font_class": "icon-xiaomiguishu",
      "unicode": "e601",
      "unicode_decimal": 58881
    },
    {
      "icon_id": "35666196",
      "name": "以旧换新",
      "font_class": "yijiuhuanxin",
      "unicode": "e605",
      "unicode_decimal": 58885
    },
    {
      "icon_id": "37354701",
      "name": "电话卡_sim",
      "font_class": "dianhuaka_sim",
      "unicode": "e674",
      "unicode_decimal": 58996
    },
    {
      "icon_id": "40023968",
      "name": "F码通道",
      "font_class": "Fmatongdao",
      "unicode": "e606",
      "unicode_decimal": 58886
    },
    {
      "icon_id": "43647839",
      "name": "icon-line-right",
      "font_class": "icon-line-right",
      "unicode": "e68a",
      "unicode_decimal": 59018
    },
    {
      "icon_id": "1306",
      "name": "购物车空",
      "font_class": "gouwuchekong",
      "unicode": "e600",
      "unicode_decimal": 58880
    }
  ]
}
